-- phpMyAdmin SQL Dump
-- version 4.7.0
-- https://www.phpmyadmin.net/
--
-- Host: localhost
-- Generation Time: Jul 05, 2017 at 12:18 PM
-- Server version: 10.1.21-MariaDB
-- PHP Version: 5.6.30

SET SQL_MODE = "NO_AUTO_VALUE_ON_ZERO";
SET AUTOCOMMIT = 0;
START TRANSACTION;
SET time_zone = "+00:00";


/*!40101 SET @OLD_CHARACTER_SET_CLIENT=@@CHARACTER_SET_CLIENT */;
/*!40101 SET @OLD_CHARACTER_SET_RESULTS=@@CHARACTER_SET_RESULTS */;
/*!40101 SET @OLD_COLLATION_CONNECTION=@@COLLATION_CONNECTION */;
/*!40101 SET NAMES utf8mb4 */;

--
-- Database: `cellphones`
--
DROP DATABASE IF EXISTS `cellphones`;
CREATE DATABASE IF NOT EXISTS `cellphones`;
USE `cellphones`;
-- --------------------------------------------------------

--
-- Table structure for table `agency`
--

CREATE TABLE `agency` (
  `id` int(10) UNSIGNED NOT NULL,
  `name` varchar(255) CHARACTER SET utf8 COLLATE utf8_unicode_ci NOT NULL,
  `address` varchar(255) CHARACTER SET utf8 COLLATE utf8_unicode_ci NOT NULL,
  `phone` varchar(20) NOT NULL
) ENGINE=InnoDB DEFAULT CHARSET=latin1;

--
-- Dumping data for table `agency`
--

INSERT INTO `agency` (`id`, `name`, `address`, `phone`) VALUES
(1, 'CellphoneS Nguyễn Trãi', '543 Nguyễn Trãi, P. Thanh Xuân Nam, Q. Thanh Xuân', '047.1085.543'),
(2, 'CellphoneS Nguyễn Khánh Toàn', '160 Nguyễn Khánh Toàn, P. Quan Hoa, Q .Cầu Giấy', '047.1061.160'),
(3, 'CellphoneS Bạch Mai', '524 Bạch Mai, P. Trương Định, Q. Hai Bà Trưng', '047.1066.524'),
(4, 'CellphoneS Nguyễn Văn Cừ', '365 Nguyễn Văn Cừ, P. Ngọc Lâm, Q. Long Biên', '047.1066.365'),
(5, 'CellphoneS Cầu Giấy', '306 Cầu Giấy, P. Dịch Vọng, Q. Cầu Giấy', '047.1066.306'),
(6, 'CellphoneS Võ Văn Ngân', '37-39 Võ Văn Ngân, P. Linh Chiểu, Q. Thủ Đức', '087.1097.939'),
(7, 'CellphoneS Lê Văn Việt', '125 Lê Văn Việt, P. Hiệp Phú, Q. 9', '087.1061.125');

-- --------------------------------------------------------

--
-- Table structure for table `category`
--

CREATE TABLE `category` (
  `id` int(10) UNSIGNED NOT NULL,
  `name` varchar(255) CHARACTER SET utf8 COLLATE utf8_unicode_ci NOT NULL,
  `description` varchar(255) CHARACTER SET utf8 COLLATE utf8_unicode_ci NOT NULL
) ENGINE=InnoDB DEFAULT CHARSET=latin1;

--
-- Dumping data for table `category`
--

INSERT INTO `category` (`id`, `name`, `description`) VALUES
(1, 'Điện thoại Flagship', 'Điện thoại giá trên 15 triệu'),
(2, 'Điện thoại tầm trung', 'Điện thoại giá từ 5 đến 10 triệu'),
(3, 'Điện thoại cao cấp', 'Điện thoại giá từ 10 đến 15 triệu'),
(4, 'Điện thoại giá rẻ', 'Điện thoại giá dưới 5 triệu');

-- --------------------------------------------------------

--
-- Table structure for table `customer`
--

CREATE TABLE `customer` (
  `id` int(19) UNSIGNED NOT NULL,
  `fullname` varchar(100) CHARACTER SET utf8 COLLATE utf8_unicode_ci NOT NULL,
  `phone` varchar(20) NOT NULL,
  `address` varchar(255) CHARACTER SET utf8 COLLATE utf8_unicode_ci DEFAULT NULL,
  `email` varchar(255) NOT NULL
) ENGINE=InnoDB DEFAULT CHARSET=latin1;

--
-- Dumping data for table `customer`
--

INSERT INTO `customer` (`id`, `fullname`, `phone`, `address`, `email`) VALUES
(1, 'Iola', '0917.073.268', 'Ap #632-3816 In Road', ''),
(2, 'Bruno', '01666.056.347', 'P.O. Box 621, 1861 Id Road', ''),
(3, 'Rinah', '0996.548.008', '4551 Varius Street', ''),
(4, 'Mohammad', '01639.064.986', 'Ap #560-5122 Massa Rd.', ''),
(5, 'Geraldine', '0971.118.965', '697-2430 Libero Rd.', ''),
(6, 'Basil', '0910.461.382', 'Ap #565-859 Tellus. Avenue', ''),
(7, 'Molly', '01627.623.274', '4811 Aliquet Street', ''),
(8, 'Heidi', '0997.120.790', '826-9372 Interdum. Ave', ''),
(9, 'Avram', '01617.702.703', '215-6654 Donec Ave', ''),
(10, 'Damian', '0979.455.650', '972-2687 Mauris Rd.', ''),
(11, 'Latifah', '01688.718.979', 'Ap #317-9453 Tincidunt Avenue', ''),
(12, 'Ferris', '01695.728.009', '6419 Dolor, Rd.', ''),
(13, 'Samson', '0947.417.650', 'Ap #147-6878 Etiam St.', ''),
(14, 'Aristotle', '01641.532.015', 'P.O. Box 402, 6740 Augue Rd.', ''),
(15, 'Addison', '0975.936.524', '5299 Fringilla Ave', ''),
(16, 'Vance', '01669.068.276', 'Ap #892-9869 Eu, St.', ''),
(17, 'Mason', '01661.891.204', '754-1751 Pellentesque Street', ''),
(18, 'Daphne', '0987.771.304', '726 Nec, Rd.', ''),
(19, 'Ivy', '0914.292.234', '3182 Risus. Rd.', ''),
(20, 'Signe', '0953.345.626', '411-7509 At Street', ''),
(21, 'Maite', '0923.817.148', 'P.O. Box 543, 8031 Erat Street', ''),
(22, 'Jocelyn', '01645.785.955', '203-5320 Ligula Rd.', ''),
(23, 'Baker', '01611.183.673', '6351 Amet Avenue', ''),
(24, 'Iris', '01635.787.975', 'Ap #300-5199 Nec Avenue', ''),
(25, 'Ira', '0992.496.928', 'Ap #979-6295 Congue Av.', ''),
(26, 'Xena', '01693.214.114', 'Ap #696-3557 Luctus Avenue', ''),
(27, 'Ora', '0996.830.573', '2461 Lectus. Av.', ''),
(28, 'Eric', '0901.120.224', 'P.O. Box 487, 2266 Sodales Road', ''),
(29, 'Rana', '01652.343.496', '434-2250 Donec St.', ''),
(30, 'Ciara', '0969.788.656', '6086 Pharetra, St.', ''),
(31, 'Shelly', '01680.832.062', 'P.O. Box 946, 4116 Iaculis Road', ''),
(32, 'Gary', '0947.703.723', '5172 Lorem, Road', ''),
(33, 'Eve', '01618.137.662', '390-7338 Cras St.', ''),
(34, 'Hammett', '0995.226.488', 'Ap #278-1356 Mauris Avenue', ''),
(35, 'May', '01630.147.308', 'Ap #391-7214 Consequat Street', ''),
(36, 'Nomlanga', '01601.295.239', 'P.O. Box 287, 1585 Scelerisque Rd.', ''),
(37, 'Gillian', '0952.060.210', '8623 Ac Avenue', ''),
(38, 'Zia', '01613.313.542', 'Ap #284-1475 Aliquam Street', ''),
(39, 'Clare', '01661.311.772', 'P.O. Box 235, 498 In Rd.', ''),
(40, 'Nash', '0923.709.464', '963-4488 Conubia Rd.', ''),
(41, 'Brent', '0978.486.921', '876-2526 In Street', ''),
(42, 'Sloane', '01645.469.639', '629-4321 Nunc Ave', ''),
(43, 'Slade', '0969.999.188', 'Ap #546-1554 Risus. St.', ''),
(44, 'Roanna', '0957.148.880', '8984 Et Road', ''),
(45, 'Fredericka', '01680.651.909', '8180 At Avenue', ''),
(46, 'Maryam', '0981.609.092', '139-4607 Urna Rd.', ''),
(47, 'Hop', '01614.210.390', '225-8876 Dui Rd.', ''),
(48, 'Price', '0969.889.738', '7017 Nisl Rd.', ''),
(49, 'Dieter', '01601.189.121', '802 Volutpat. Ave', ''),
(50, 'Hammett', '01630.915.839', '363-1226 Dui, Rd.', ''),
(51, 'Vivien', '0973.666.036', 'Ap #865-1728 Rhoncus. Road', ''),
(52, 'Gil', '01627.729.469', '7184 Semper Avenue', ''),
(53, 'Ivan', '01609.891.829', 'Ap #223-6693 Cras Road', ''),
(54, 'Kato', '0963.526.663', 'P.O. Box 447, 5882 Sodales Avenue', ''),
(55, 'Oliver', '0936.401.186', 'Ap #718-9525 Elit, Rd.', ''),
(56, 'Marvin', '0951.619.272', 'Ap #746-1916 Maecenas St.', ''),
(57, 'Rahim', '01638.202.403', 'Ap #330-6009 Posuere Street', ''),
(58, 'Bradley', '0931.475.434', 'Ap #452-7639 Leo St.', ''),
(59, 'Zenia', '0995.962.662', '844 Leo, Avenue', ''),
(60, 'Kimberley', '0911.166.666', '5824 Fringilla Rd.', ''),
(61, 'Tate', '01627.862.866', 'Ap #838-5795 Ipsum. Ave', ''),
(62, 'Ivana', '0956.878.663', 'P.O. Box 790, 7391 Ridiculus Street', ''),
(63, 'Alvin', '01624.630.123', '437-5418 Tellus, Rd.', ''),
(64, 'Fulton', '01666.306.227', '8907 Nibh Rd.', ''),
(65, 'Joel', '01682.199.551', '1594 Libero. Avenue', ''),
(66, 'Bree', '0929.878.850', 'Ap #512-9535 Mollis. Avenue', ''),
(67, 'Tatiana', '0930.261.506', '821-1257 Bibendum Road', ''),
(68, 'Nathan', '0982.604.797', '7995 At, Ave', ''),
(69, 'Cole', '01660.062.510', 'Ap #492-6530 Tincidunt. Rd.', ''),
(70, 'Hedda', '01624.622.003', '771-3606 Montes, St.', ''),
(71, 'Austin', '0942.547.008', 'P.O. Box 199, 9719 Interdum. Road', ''),
(72, 'Aline', '01631.064.956', 'P.O. Box 998, 6601 Amet Rd.', ''),
(73, 'Oprah', '0947.720.695', 'Ap #113-6525 Mauris Avenue', ''),
(74, 'Jamal', '01657.679.384', 'Ap #439-9375 Eu, Street', ''),
(75, 'Cedric', '01626.417.991', '235-5043 Aliquam Ave', ''),
(76, 'Penelope', '01675.315.408', 'Ap #553-2970 Sed St.', ''),
(77, 'Ciaran', '0967.420.134', 'P.O. Box 123, 6354 Sit Ave', ''),
(78, 'Baker', '0966.826.967', 'P.O. Box 830, 5244 Non, Avenue', ''),
(79, 'Zahir', '01697.924.616', 'Ap #164-5394 Ultrices. Avenue', ''),
(80, 'Jarrod', '01624.361.919', '6127 Duis Av.', ''),
(81, 'Hiram', '0992.797.407', '1052 Aliquet, Rd.', ''),
(82, 'Malachi', '0997.170.114', '461-2439 Fermentum Rd.', ''),
(83, 'Lev', '01610.751.305', 'Ap #280-7577 Ut St.', ''),
(84, 'Cruz', '01610.245.815', '926-2079 Pede Rd.', ''),
(85, 'Lawrence', '01610.055.469', '850-6371 Auctor Street', ''),
(86, 'Hyatt', '01647.048.633', 'Ap #257-4611 Pede, Rd.', ''),
(87, 'Reece', '01669.445.979', 'P.O. Box 415, 6603 Convallis Rd.', ''),
(88, 'Fallon', '01637.556.544', '7036 Mauris Rd.', ''),
(89, 'Drake', '01692.864.859', 'Ap #897-9529 Ligula. Avenue', ''),
(90, 'Thaddeus', '01603.468.545', 'Ap #319-6104 Purus. Street', ''),
(91, 'Arsenio', '0929.514.617', 'P.O. Box 382, 5365 Consectetuer Rd.', ''),
(92, 'Dominique', '0940.754.756', 'Ap #102-225 Lorem, Street', ''),
(93, 'Casey', '0903.543.813', 'Ap #733-9369 Mauris Avenue', ''),
(94, 'Clementine', '01640.237.254', '4107 Lorem Ave', ''),
(95, 'Tobias', '01606.354.098', 'Ap #274-2015 Donec St.', ''),
(96, 'Lillian', '0909.656.436', 'P.O. Box 171, 6304 Fusce Av.', ''),
(97, 'Evangeline', '0994.144.146', 'Ap #895-9127 Molestie Street', ''),
(98, 'Tiger', '0969.671.608', 'Ap #854-2991 Convallis, Avenue', ''),
(99, 'Sydnee', '01696.402.762', '2569 Blandit Rd.', ''),
(100, 'Maile', '01660.079.512', '563-6524 Ac Ave', '');

-- --------------------------------------------------------

--
-- Table structure for table `orders`
--

CREATE TABLE `orders` (
  `id` int(10) UNSIGNED NOT NULL,
  `date` date NOT NULL,
  `customer_id` int(10) UNSIGNED NOT NULL,
  `agency_id` int(10) UNSIGNED NOT NULL
) ENGINE=InnoDB DEFAULT CHARSET=latin1;

--
-- Dumping data for table `orders`
--

INSERT INTO `orders` (`id`, `date`, `customer_id`, `agency_id`) VALUES
(101, '2017-04-12', 4, 3),
(102, '2017-06-01', 82, 2),
(103, '2017-04-08', 5, 2),
(104, '2016-12-11', 57, 1),
(105, '2017-05-16', 97, 7),
(106, '2016-12-12', 20, 6),
(107, '2017-06-26', 4, 4),
(108, '2017-02-09', 84, 1),
(109, '2016-10-30', 90, 4),
(110, '2017-01-22', 37, 2),
(111, '2017-05-28', 96, 2),
(112, '2016-10-14', 54, 6),
(113, '2017-02-27', 47, 5),
(114, '2016-08-04', 82, 5),
(115, '2017-01-08', 71, 4),
(116, '2016-09-17', 83, 4),
(117, '2016-10-30', 7, 3),
(118, '2016-10-09', 36, 5),
(119, '2016-08-15', 60, 7),
(120, '2016-07-26', 45, 4),
(121, '2017-06-11', 16, 7),
(122, '2016-12-21', 73, 1),
(123, '2016-11-23', 74, 4),
(124, '2017-01-16', 62, 1),
(125, '2016-12-23', 19, 1),
(126, '2016-07-17', 7, 1),
(127, '2017-02-24', 32, 1),
(128, '2016-07-23', 26, 7),
(129, '2017-03-03', 80, 1),
(130, '2017-01-06', 66, 3),
(131, '2017-05-28', 63, 3),
(132, '2016-10-08', 46, 2),
(133, '2017-01-11', 75, 7),
(134, '2017-04-05', 97, 3),
(135, '2017-05-07', 45, 3),
(136, '2017-04-12', 48, 1),
(137, '2016-11-12', 17, 2),
(138, '2016-10-05', 63, 3),
(139, '2017-05-31', 98, 6),
(140, '2016-08-17', 100, 7),
(141, '2016-12-26', 35, 3),
(142, '2016-10-05', 34, 6),
(143, '2017-04-09', 90, 4),
(144, '2016-12-18', 87, 2),
(145, '2017-01-11', 89, 1),
(146, '2017-04-03', 19, 1),
(147, '2016-10-09', 19, 4),
(148, '2017-06-29', 31, 7),
(149, '2016-07-11', 27, 3),
(150, '2017-02-13', 58, 7),
(151, '2016-08-10', 88, 5),
(152, '2016-10-01', 64, 3),
(153, '2017-01-16', 3, 3),
(154, '2016-09-12', 1, 7),
(155, '2016-11-01', 40, 5),
(156, '2017-06-25', 79, 2),
(157, '2016-08-11', 24, 1),
(158, '2016-09-28', 97, 7),
(159, '2016-07-14', 60, 2),
(160, '2017-06-05', 11, 1),
(161, '2017-03-19', 12, 5),
(162, '2016-07-17', 99, 3),
(163, '2016-08-17', 88, 4),
(164, '2017-02-28', 76, 2),
(165, '2016-07-13', 97, 3),
(166, '2017-04-20', 75, 6),
(167, '2016-12-27', 58, 6),
(168, '2016-09-09', 70, 1),
(169, '2016-12-07', 6, 2),
(170, '2016-12-28', 49, 3),
(171, '2017-03-18', 65, 7),
(172, '2016-10-28', 96, 2),
(173, '2016-12-10', 4, 5),
(174, '2017-05-21', 54, 6),
(175, '2016-12-07', 16, 5),
(176, '2016-12-24', 11, 1),
(177, '2016-11-14', 24, 6),
(178, '2017-04-19', 15, 2),
(179, '2016-11-14', 54, 6),
(180, '2016-09-16', 72, 5),
(181, '2016-12-27', 72, 4),
(182, '2017-05-15', 57, 5),
(183, '2016-07-13', 10, 1),
(184, '2017-02-27', 97, 3),
(185, '2016-07-21', 11, 1),
(186, '2016-11-17', 77, 6),
(187, '2016-07-10', 65, 5),
(188, '2017-01-21', 67, 5),
(189, '2017-07-03', 93, 3),
(190, '2016-11-17', 95, 7),
(191, '2016-09-05', 93, 1),
(192, '2016-10-24', 9, 6),
(193, '2017-04-08', 29, 6),
(194, '2016-07-31', 78, 1),
(195, '2016-10-13', 20, 2),
(196, '2017-04-09', 94, 3),
(197, '2016-09-22', 41, 3),
(198, '2016-11-16', 93, 7),
(199, '2016-09-21', 95, 2),
(200, '2016-08-15', 76, 4),
(201, '2016-08-17', 33, 7),
(202, '2017-04-16', 83, 2),
(203, '2017-05-22', 43, 4),
(204, '2017-04-23', 98, 3),
(205, '2017-03-16', 98, 1),
(206, '2016-08-06', 43, 7),
(207, '2016-11-05', 91, 1),
(208, '2017-07-04', 44, 1),
(209, '2017-02-07', 84, 7),
(210, '2017-05-10', 59, 6),
(211, '2016-09-14', 44, 6),
(212, '2017-01-09', 74, 1),
(213, '2017-02-16', 11, 3),
(214, '2016-10-09', 71, 2),
(215, '2016-08-26', 21, 5),
(216, '2016-08-05', 12, 3),
(217, '2017-05-18', 60, 4),
(218, '2017-06-17', 43, 7),
(219, '2016-12-01', 52, 1),
(220, '2017-06-18', 99, 2),
(221, '2017-03-05', 14, 5),
(222, '2017-06-10', 79, 1),
(223, '2016-10-05', 6, 6),
(224, '2016-10-01', 77, 2),
(225, '2017-03-19', 8, 4),
(226, '2017-01-16', 96, 6),
(227, '2016-11-26', 71, 6),
(228, '2017-02-24', 6, 7),
(229, '2017-03-23', 82, 7),
(230, '2016-10-26', 2, 2),
(231, '2016-12-22', 34, 7),
(232, '2017-03-30', 36, 2),
(233, '2017-02-25', 90, 4),
(234, '2017-01-17', 68, 4),
(235, '2017-04-03', 26, 5),
(236, '2016-11-06', 58, 7),
(237, '2016-07-24', 54, 2),
(238, '2017-02-21', 51, 5),
(239, '2016-09-15', 69, 2),
(240, '2016-08-17', 70, 5),
(241, '2017-03-16', 6, 2),
(242, '2017-02-17', 59, 5),
(243, '2016-12-26', 36, 7),
(244, '2017-03-20', 61, 1),
(245, '2017-03-03', 70, 4),
(246, '2016-07-28', 4, 2),
(247, '2016-12-04', 37, 3),
(248, '2017-03-07', 17, 6),
(249, '2017-02-08', 43, 2),
(250, '2016-12-10', 39, 3),
(251, '2016-07-30', 31, 7),
(252, '2017-04-23', 91, 3),
(253, '2016-07-16', 89, 7),
(254, '2016-07-13', 88, 2),
(255, '2016-12-30', 70, 2),
(256, '2017-03-17', 48, 7),
(257, '2016-12-11', 82, 3),
(258, '2017-04-20', 3, 6),
(259, '2016-11-18', 2, 7),
(260, '2016-08-12', 97, 1),
(261, '2016-08-12', 59, 7),
(262, '2016-12-28', 46, 7),
(263, '2017-06-16', 92, 3),
(264, '2017-05-01', 88, 5),
(265, '2016-08-22', 86, 3),
(266, '2017-02-08', 66, 7),
(267, '2016-09-28', 30, 1),
(268, '2017-02-04', 63, 2),
(269, '2016-07-19', 15, 6),
(270, '2016-08-21', 5, 5),
(271, '2017-03-25', 61, 2),
(272, '2017-03-17', 9, 6),
(273, '2016-12-10', 69, 1),
(274, '2017-04-24', 63, 5),
(275, '2016-10-10', 71, 7),
(276, '2016-11-26', 10, 5),
(277, '2016-12-29', 30, 4),
(278, '2017-05-13', 48, 3),
(279, '2016-10-03', 44, 6),
(280, '2017-07-04', 35, 1),
(281, '2017-06-27', 23, 7),
(282, '2017-05-06', 64, 3),
(283, '2017-01-08', 63, 6),
(284, '2016-09-16', 76, 2),
(285, '2016-09-10', 97, 5),
(286, '2017-03-30', 36, 7),
(287, '2016-08-18', 24, 5),
(288, '2017-05-18', 94, 3),
(289, '2017-05-08', 62, 3),
(290, '2017-02-11', 90, 3),
(291, '2017-01-24', 31, 2),
(292, '2016-08-15', 74, 4),
(293, '2017-04-15', 89, 6),
(294, '2017-01-01', 99, 2),
(295, '2016-09-26', 1, 6),
(296, '2016-09-22', 80, 5),
(297, '2017-06-07', 78, 5),
(298, '2017-05-12', 31, 6),
(299, '2017-01-19', 17, 4),
(300, '2016-08-25', 41, 1);

-- --------------------------------------------------------

--
-- Table structure for table `order_detail`
--

CREATE TABLE `order_detail` (
  `id` int(10) UNSIGNED NOT NULL,
  `order_id` int(10) UNSIGNED NOT NULL,
  `product_id` int(10) UNSIGNED NOT NULL,
  `quantity` int(11) NOT NULL,
  `price` double NOT NULL
) ENGINE=InnoDB DEFAULT CHARSET=latin1;

--
-- Dumping data for table `order_detail`
--

INSERT INTO `order_detail` (`id`, `order_id`, `product_id`, `quantity`, `price`) VALUES
(201, 296, 3, 5, 20618980),
(202, 258, 2, 4, 21829552),
(203, 217, 2, 3, 20032061),
(204, 135, 2, 1, 24312903),
(205, 121, 2, 1, 21497261),
(206, 298, 4, 2, 22429324),
(207, 103, 4, 1, 23031769),
(208, 160, 4, 2, 21358053),
(209, 248, 3, 4, 24675042),
(210, 198, 4, 2, 24483479),
(211, 226, 3, 1, 20652330),
(212, 132, 1, 5, 21677661),
(213, 276, 4, 5, 20774886),
(214, 105, 4, 2, 24923388),
(215, 155, 4, 4, 23966328),
(216, 262, 2, 5, 20091942),
(217, 225, 4, 4, 20416540),
(218, 160, 4, 2, 20485053),
(219, 145, 4, 2, 22034998),
(220, 133, 2, 5, 20901909),
(221, 284, 2, 2, 20749972),
(222, 171, 3, 4, 24809563),
(223, 135, 3, 1, 22570394),
(224, 138, 3, 4, 24759886),
(225, 273, 1, 2, 21854129),
(226, 212, 1, 3, 23261905),
(227, 208, 1, 2, 22746027),
(228, 250, 3, 1, 22935385),
(229, 201, 4, 3, 24946735),
(230, 128, 4, 5, 20054393),
(231, 174, 1, 1, 23517182),
(232, 229, 4, 5, 21229532),
(233, 213, 1, 5, 21947300),
(234, 191, 2, 4, 23703856),
(235, 122, 1, 3, 24110360),
(236, 248, 3, 2, 20541890),
(237, 238, 2, 4, 21231638),
(238, 106, 3, 4, 24011558),
(239, 115, 1, 4, 21013222),
(240, 125, 1, 3, 22625633),
(241, 265, 3, 1, 20846630),
(242, 236, 4, 3, 22234923),
(243, 186, 4, 5, 20260051),
(244, 273, 1, 2, 23765992),
(245, 181, 4, 2, 24865682),
(246, 120, 4, 5, 22054405),
(247, 174, 4, 5, 22794343),
(248, 210, 1, 2, 20461740),
(249, 186, 2, 3, 21336078),
(250, 148, 4, 1, 24476092),
(251, 277, 2, 4, 22058731),
(252, 200, 3, 3, 22119320),
(253, 277, 3, 5, 23522952),
(254, 265, 2, 5, 20588141),
(255, 104, 3, 5, 23249545),
(256, 193, 4, 5, 21735059),
(257, 185, 1, 2, 20201009),
(258, 153, 3, 2, 20965858),
(259, 282, 4, 5, 23903484),
(260, 261, 4, 2, 22207161),
(261, 178, 3, 1, 21501446),
(262, 119, 3, 3, 24535972),
(263, 254, 2, 2, 22643180),
(264, 214, 2, 3, 21308561),
(265, 145, 4, 3, 24967985),
(266, 262, 1, 5, 22882148),
(267, 150, 1, 3, 22685327),
(268, 106, 2, 4, 23698666),
(269, 228, 3, 1, 22282262),
(270, 121, 2, 3, 21779343),
(271, 269, 3, 3, 22648631),
(272, 224, 1, 2, 21151582),
(273, 208, 4, 3, 21845484),
(274, 136, 3, 2, 21275678),
(275, 112, 4, 1, 22560818),
(276, 288, 1, 4, 21875853),
(277, 151, 1, 4, 22656895),
(278, 125, 2, 1, 20172645),
(279, 107, 3, 2, 21011052),
(280, 139, 2, 2, 22501351),
(281, 128, 2, 4, 20332639),
(282, 143, 3, 3, 22000969),
(283, 215, 4, 4, 24795124),
(284, 167, 2, 4, 23903973),
(285, 158, 4, 1, 23309427),
(286, 158, 3, 5, 22526974),
(287, 288, 4, 1, 20478182),
(288, 137, 3, 3, 22411642),
(289, 143, 3, 5, 22915165),
(290, 298, 2, 5, 23265283),
(291, 287, 3, 3, 24281927),
(292, 142, 4, 3, 23248130),
(293, 147, 4, 1, 21030030),
(294, 118, 4, 3, 20561391),
(295, 120, 2, 5, 24221891),
(296, 115, 3, 5, 21807118),
(297, 193, 4, 1, 21296419),
(298, 180, 1, 3, 21890181),
(299, 154, 2, 1, 22070610),
(300, 197, 1, 3, 24229330),
(301, 214, 3, 2, 20112309),
(302, 214, 1, 3, 23739323),
(303, 170, 4, 3, 24197259),
(304, 193, 1, 2, 21736276),
(305, 110, 2, 3, 21028956),
(306, 173, 4, 1, 20516721),
(307, 131, 1, 5, 21349937),
(308, 244, 1, 5, 22133950),
(309, 200, 4, 5, 24050722),
(310, 101, 2, 4, 21804142),
(311, 263, 4, 1, 23970278),
(312, 239, 1, 5, 22464036),
(313, 181, 3, 5, 22557727),
(314, 282, 4, 5, 21712574),
(315, 265, 2, 4, 21040361),
(316, 136, 3, 1, 24724540),
(317, 254, 4, 4, 23501511),
(318, 101, 2, 4, 24529605),
(319, 289, 1, 2, 24196805),
(320, 246, 4, 1, 22944822),
(321, 270, 3, 4, 22134610),
(322, 149, 3, 3, 23604067),
(323, 241, 2, 4, 21524087),
(324, 297, 3, 3, 21685094),
(325, 204, 1, 5, 23342210),
(326, 299, 4, 1, 23536988),
(327, 195, 2, 3, 23839943),
(328, 242, 4, 2, 20528882),
(329, 216, 2, 4, 23641411),
(330, 196, 4, 3, 22590250),
(331, 134, 3, 1, 24078058),
(332, 177, 1, 4, 21427188),
(333, 135, 3, 1, 24666314),
(334, 102, 1, 5, 21937229),
(335, 297, 2, 3, 22068344),
(336, 240, 3, 4, 21069012),
(337, 268, 3, 4, 20409920),
(338, 212, 3, 1, 23148924),
(339, 222, 2, 4, 20827017),
(340, 285, 3, 5, 22050657),
(341, 187, 4, 1, 23247785),
(342, 261, 4, 1, 22456239),
(343, 233, 1, 4, 20012006),
(344, 300, 1, 3, 24557573),
(345, 272, 2, 2, 20045179),
(346, 140, 3, 4, 20549557),
(347, 198, 3, 4, 22792332),
(348, 261, 3, 4, 23916257),
(349, 288, 1, 3, 20536890),
(350, 123, 2, 4, 20325456),
(351, 114, 1, 2, 22159045),
(352, 298, 3, 5, 24027685),
(353, 281, 1, 1, 24342192),
(354, 169, 4, 4, 22375254),
(355, 157, 1, 2, 21726420),
(356, 248, 4, 1, 23242463),
(357, 155, 4, 1, 21922698),
(358, 156, 2, 4, 23438337),
(359, 215, 2, 1, 23946594),
(360, 178, 2, 5, 20311141),
(361, 101, 4, 2, 24733206),
(362, 295, 2, 3, 22592080),
(363, 260, 3, 5, 20496494),
(364, 279, 4, 5, 24163235),
(365, 125, 3, 3, 22314259),
(366, 116, 1, 5, 22386175),
(367, 109, 3, 3, 20119677),
(368, 277, 4, 2, 24751809),
(369, 125, 1, 2, 23580399),
(370, 177, 4, 3, 23315095),
(371, 114, 3, 1, 21109491),
(372, 153, 3, 4, 23510093),
(373, 178, 4, 3, 23194380),
(374, 166, 4, 3, 24546129),
(375, 165, 4, 3, 22330020),
(376, 133, 1, 3, 23673350),
(377, 208, 4, 5, 21524665),
(378, 171, 2, 2, 20995228),
(379, 290, 3, 4, 20133433),
(380, 177, 4, 3, 22658099),
(381, 175, 1, 4, 24549062),
(382, 260, 1, 2, 21869141),
(383, 121, 4, 3, 23571190),
(384, 130, 1, 1, 24047862),
(385, 157, 4, 5, 20035407),
(386, 288, 3, 1, 24624156),
(387, 292, 3, 1, 21624066),
(388, 170, 1, 4, 20261652),
(389, 132, 2, 1, 24091415),
(390, 159, 2, 4, 22849250),
(391, 245, 1, 4, 20112474),
(392, 136, 4, 2, 23950102),
(393, 180, 1, 2, 21858586),
(394, 180, 4, 4, 20935570),
(395, 128, 2, 2, 23935226),
(396, 141, 4, 2, 22423775),
(397, 193, 2, 4, 21435594),
(398, 108, 1, 5, 24119774),
(399, 249, 3, 1, 23712514),
(400, 101, 3, 4, 23390562),
(401, 194, 5, 3, 1921761),
(402, 246, 5, 2, 1774291),
(403, 241, 5, 1, 1891635),
(404, 159, 5, 1, 1769407),
(405, 212, 5, 2, 1150744),
(406, 292, 5, 3, 1065136),
(407, 276, 5, 2, 1474718),
(408, 271, 5, 3, 1011582),
(409, 173, 5, 1, 1706681),
(410, 109, 5, 2, 1372329),
(411, 182, 5, 4, 1721587),
(412, 149, 5, 4, 1084726),
(413, 164, 5, 1, 1216923),
(414, 163, 5, 5, 1871412),
(415, 101, 5, 2, 1169267),
(416, 277, 5, 3, 1546492),
(417, 160, 5, 3, 1425610),
(418, 149, 5, 1, 1150761),
(419, 230, 5, 1, 1171021),
(420, 189, 5, 2, 1330423),
(421, 181, 5, 4, 1424131),
(422, 263, 5, 1, 1461833),
(423, 177, 5, 4, 1615980),
(424, 298, 5, 2, 1183522),
(425, 206, 5, 4, 1967760),
(426, 283, 5, 2, 1084267),
(427, 177, 5, 1, 1882407),
(428, 235, 5, 3, 1958258),
(429, 289, 5, 2, 1684426),
(430, 157, 5, 3, 1031549),
(431, 200, 5, 4, 1825893),
(432, 164, 5, 2, 1846349),
(433, 105, 5, 3, 1491147),
(434, 240, 5, 2, 1115773),
(435, 255, 5, 2, 1819961),
(436, 197, 5, 3, 1444794),
(437, 243, 5, 5, 1718295),
(438, 122, 5, 3, 1305183),
(439, 140, 5, 1, 1152392),
(440, 208, 5, 2, 1643003),
(441, 186, 5, 1, 1718540),
(442, 272, 5, 5, 1537940),
(443, 165, 5, 3, 1119267),
(444, 230, 5, 5, 1628719),
(445, 134, 5, 5, 1899961),
(446, 162, 5, 5, 1981650),
(447, 225, 5, 3, 1756545),
(448, 278, 5, 5, 1443378),
(449, 240, 5, 3, 1589273),
(450, 210, 5, 1, 1873738),
(451, 262, 5, 3, 1757622),
(452, 213, 5, 3, 1814110),
(453, 192, 5, 5, 1805833),
(454, 236, 5, 3, 1642509),
(455, 117, 5, 4, 1216948),
(456, 199, 5, 4, 1250917),
(457, 103, 5, 1, 1544054),
(458, 193, 5, 3, 1184194),
(459, 143, 5, 5, 1884187),
(460, 214, 5, 3, 1597315),
(461, 235, 5, 1, 1404789),
(462, 128, 5, 4, 1418291),
(463, 179, 5, 5, 1517755),
(464, 172, 5, 5, 1091371),
(465, 111, 5, 2, 1670544),
(466, 239, 5, 5, 1676775),
(467, 270, 5, 5, 1310581),
(468, 157, 5, 3, 1046948),
(469, 204, 5, 1, 1040347),
(470, 228, 5, 1, 1903820),
(471, 164, 5, 2, 1412986),
(472, 111, 5, 3, 1840923),
(473, 254, 5, 2, 1971361),
(474, 196, 5, 1, 1104614),
(475, 185, 5, 2, 1758554),
(476, 158, 5, 2, 1037929),
(477, 242, 5, 5, 1918444),
(478, 126, 5, 2, 1605406),
(479, 255, 5, 2, 1398434),
(480, 165, 5, 5, 1408191),
(481, 250, 5, 2, 1363736),
(482, 173, 5, 5, 1532507),
(483, 271, 5, 3, 1345385),
(484, 174, 5, 2, 1638860),
(485, 102, 5, 2, 1538326),
(486, 263, 5, 1, 1019295),
(487, 168, 5, 2, 1148054),
(488, 117, 5, 4, 1479541),
(489, 243, 5, 5, 1280696),
(490, 114, 5, 1, 1739454),
(491, 109, 5, 2, 1212633),
(492, 286, 5, 4, 1376372),
(493, 297, 5, 3, 1408107),
(494, 150, 5, 2, 1804150),
(495, 134, 5, 3, 1959579),
(496, 191, 5, 1, 1800631),
(497, 115, 5, 2, 1976543),
(498, 104, 5, 2, 1334779),
(499, 226, 5, 1, 1422188),
(500, 186, 5, 3, 1097095),
(501, 258, 6, 3, 3752501),
(502, 287, 6, 4, 3540889),
(503, 183, 6, 3, 3962397),
(504, 215, 6, 2, 3337832),
(505, 188, 6, 3, 3899852),
(506, 183, 6, 3, 4108507),
(507, 230, 6, 2, 4284880),
(508, 214, 6, 2, 4248270),
(509, 146, 6, 3, 3337944),
(510, 288, 6, 4, 3283878),
(511, 142, 6, 3, 3655090),
(512, 170, 6, 5, 3332035),
(513, 298, 6, 1, 4489895),
(514, 210, 6, 1, 4307871),
(515, 232, 6, 3, 4163302),
(516, 283, 6, 5, 3454168),
(517, 232, 6, 1, 3376355),
(518, 141, 6, 1, 3810659),
(519, 104, 6, 5, 4063726),
(520, 142, 6, 2, 3228194),
(521, 190, 6, 5, 3236678),
(522, 136, 6, 3, 3290813),
(523, 224, 6, 2, 3796662),
(524, 160, 6, 3, 3324261),
(525, 194, 6, 4, 3236093),
(526, 181, 6, 5, 3905347),
(527, 262, 6, 3, 3378566),
(528, 159, 6, 5, 4165854),
(529, 188, 6, 4, 4193094),
(530, 171, 6, 1, 4183171),
(531, 155, 6, 2, 3256991),
(532, 176, 6, 4, 4014908),
(533, 101, 6, 2, 3896576),
(534, 289, 6, 2, 3821579),
(535, 216, 6, 4, 4142721),
(536, 277, 6, 3, 4095950),
(537, 258, 6, 2, 3822218),
(538, 130, 6, 5, 4367247),
(539, 104, 6, 5, 3621861),
(540, 249, 6, 3, 4221728),
(541, 290, 6, 5, 3440204),
(542, 169, 6, 2, 3732203),
(543, 116, 6, 3, 3722251),
(544, 245, 6, 4, 3481641),
(545, 276, 6, 1, 3475126),
(546, 197, 6, 1, 3241260),
(547, 254, 6, 3, 4164122),
(548, 174, 6, 2, 3825732),
(549, 230, 6, 3, 3511261),
(550, 128, 6, 5, 4155544),
(551, 111, 6, 2, 4363335),
(552, 192, 6, 4, 4119037),
(553, 245, 6, 5, 3759274),
(554, 146, 6, 1, 3746236),
(555, 276, 6, 4, 3436638),
(556, 214, 6, 1, 3360644),
(557, 117, 6, 3, 4496116),
(558, 183, 6, 2, 4231609),
(559, 123, 6, 2, 3624622),
(560, 249, 6, 2, 3768891),
(561, 190, 6, 3, 3215509),
(562, 254, 6, 1, 3753548),
(563, 134, 6, 4, 3655634),
(564, 226, 6, 1, 3638774),
(565, 274, 6, 5, 3671732),
(566, 231, 6, 4, 4371835),
(567, 265, 6, 1, 3956550),
(568, 284, 6, 3, 4448694),
(569, 263, 6, 2, 3414233),
(570, 133, 6, 3, 3424380),
(571, 217, 6, 5, 4202754),
(572, 125, 6, 5, 3523574),
(573, 198, 6, 4, 3327366),
(574, 250, 6, 4, 4443921),
(575, 117, 6, 4, 4237673),
(576, 124, 6, 2, 4302090),
(577, 220, 6, 2, 3227712),
(578, 165, 6, 5, 4062760),
(579, 203, 6, 5, 4466185),
(580, 241, 6, 5, 4130097),
(581, 260, 6, 5, 3402655),
(582, 153, 6, 5, 3999251),
(583, 151, 6, 1, 3337088),
(584, 236, 6, 2, 3565603),
(585, 127, 6, 5, 3437058),
(586, 179, 6, 5, 3405889),
(587, 257, 6, 1, 3468790),
(588, 111, 6, 1, 4239801),
(589, 148, 6, 3, 3693179),
(590, 188, 6, 5, 3428389),
(591, 174, 6, 2, 3656129),
(592, 280, 6, 4, 3634611),
(593, 198, 6, 5, 3950936),
(594, 115, 6, 1, 3275185),
(595, 241, 6, 3, 4070210),
(596, 126, 6, 4, 3879291),
(597, 136, 6, 5, 3308392),
(598, 200, 6, 3, 3870281),
(599, 281, 6, 5, 3745211),
(600, 147, 6, 1, 3751863),
(601, 207, 7, 2, 10845321),
(602, 186, 8, 1, 8892861),
(603, 206, 8, 4, 9307520),
(604, 276, 8, 4, 11359320),
(605, 150, 7, 5, 8586928),
(606, 164, 7, 2, 8846857),
(607, 131, 7, 5, 9818472),
(608, 158, 8, 5, 10256605),
(609, 102, 7, 3, 8214770),
(610, 300, 8, 2, 8061577),
(611, 165, 7, 2, 8340515),
(612, 233, 7, 2, 9280852),
(613, 184, 7, 2, 10594587),
(614, 262, 7, 3, 8501825),
(615, 282, 7, 4, 10907179),
(616, 183, 8, 1, 10184096),
(617, 202, 7, 3, 11912355),
(618, 124, 7, 1, 9577320),
(619, 173, 7, 3, 9851739),
(620, 220, 8, 2, 10009698),
(621, 138, 7, 5, 8964356),
(622, 255, 7, 2, 10550759),
(623, 190, 8, 4, 9041187),
(624, 238, 7, 5, 11384988),
(625, 273, 7, 2, 8777922),
(626, 110, 8, 5, 8064927),
(627, 198, 7, 4, 11551936),
(628, 148, 7, 1, 11440619),
(629, 153, 7, 4, 8302854),
(630, 176, 8, 1, 11078268),
(631, 134, 7, 1, 8743249),
(632, 182, 8, 5, 8652758),
(633, 171, 7, 5, 9971660),
(634, 278, 8, 4, 10950924),
(635, 228, 7, 4, 8453783),
(636, 292, 8, 2, 8642708),
(637, 126, 8, 1, 9727542),
(638, 286, 7, 1, 9400783),
(639, 136, 8, 3, 8073826),
(640, 234, 7, 1, 8451139),
(641, 230, 8, 5, 8525868),
(642, 146, 8, 3, 11061811),
(643, 288, 7, 2, 10318951),
(644, 236, 8, 4, 9650181),
(645, 200, 8, 3, 8392552),
(646, 138, 7, 5, 9616633),
(647, 132, 7, 3, 9471567),
(648, 291, 7, 2, 8217671),
(649, 292, 7, 2, 8917422),
(650, 158, 8, 5, 10954495),
(651, 221, 8, 5, 10379871),
(652, 243, 8, 1, 9854497),
(653, 127, 7, 2, 10261881),
(654, 229, 7, 2, 8997654),
(655, 228, 7, 4, 8981390),
(656, 128, 7, 2, 9799067),
(657, 207, 8, 3, 11826853),
(658, 119, 8, 1, 8551577),
(659, 245, 7, 2, 10727224),
(660, 259, 8, 5, 8685046),
(661, 286, 7, 2, 10134722),
(662, 223, 7, 3, 11423239),
(663, 146, 8, 4, 8113454),
(664, 180, 8, 3, 8384853),
(665, 133, 8, 5, 9848834),
(666, 189, 8, 2, 8755834),
(667, 132, 8, 5, 9128547),
(668, 221, 8, 1, 10607299),
(669, 300, 7, 4, 10609407),
(670, 109, 7, 2, 11664813),
(671, 143, 8, 4, 8308641),
(672, 292, 8, 1, 10181620),
(673, 178, 8, 4, 10938414),
(674, 217, 8, 4, 10515473),
(675, 162, 8, 5, 11936883),
(676, 241, 7, 3, 10399805),
(677, 285, 8, 1, 11750035),
(678, 126, 7, 3, 10556845),
(679, 279, 7, 2, 10561262),
(680, 116, 7, 5, 9589085),
(681, 130, 8, 3, 10355622),
(682, 190, 7, 2, 9483721),
(683, 117, 7, 4, 8228785),
(684, 142, 8, 3, 8344316),
(685, 269, 7, 3, 10349281),
(686, 288, 7, 4, 10976698),
(687, 225, 7, 2, 8243529),
(688, 268, 7, 1, 10364448),
(689, 129, 8, 4, 8004618),
(690, 287, 7, 1, 8947928),
(691, 197, 7, 4, 9425330),
(692, 263, 8, 3, 8875729),
(693, 198, 8, 1, 9923639),
(694, 294, 7, 2, 11280887),
(695, 227, 7, 3, 11934749),
(696, 231, 7, 2, 9632111),
(697, 261, 7, 3, 8598432),
(698, 145, 8, 1, 8697903),
(699, 108, 7, 4, 11152163),
(700, 190, 8, 4, 10785521),
(701, 228, 9, 3, 18137710),
(702, 181, 10, 3, 16705176),
(703, 231, 10, 2, 15587593),
(704, 270, 9, 1, 17028960),
(705, 239, 10, 3, 18892254),
(706, 231, 10, 1, 15594797),
(707, 111, 9, 3, 16815041),
(708, 288, 9, 5, 16709522),
(709, 190, 10, 5, 17617218),
(710, 127, 9, 1, 17751224),
(711, 151, 10, 4, 16449839),
(712, 213, 10, 4, 17935554),
(713, 193, 10, 1, 16245557),
(714, 202, 10, 4, 16216508),
(715, 252, 10, 1, 16211029),
(716, 233, 10, 1, 19415362),
(717, 141, 9, 4, 16237325),
(718, 177, 9, 4, 19368815),
(719, 143, 9, 3, 16535431),
(720, 175, 10, 2, 17748607),
(721, 225, 10, 5, 17435375),
(722, 263, 9, 1, 18647967),
(723, 107, 10, 4, 17153065),
(724, 179, 10, 5, 17478475),
(725, 249, 9, 1, 15774511),
(726, 201, 9, 1, 17139577),
(727, 287, 9, 2, 19759024),
(728, 160, 9, 1, 19201674),
(729, 108, 10, 2, 15104653),
(730, 243, 10, 5, 16052389),
(731, 282, 9, 5, 19479472),
(732, 160, 10, 2, 18354755),
(733, 172, 9, 3, 17828173),
(734, 130, 10, 1, 19870095),
(735, 184, 10, 2, 16206085),
(736, 147, 9, 2, 15811613),
(737, 173, 9, 1, 15230804),
(738, 211, 9, 4, 16010012),
(739, 237, 9, 5, 19716162),
(740, 178, 10, 4, 15549466),
(741, 248, 10, 4, 19302314),
(742, 180, 9, 4, 19315478),
(743, 250, 10, 2, 16897223),
(744, 216, 10, 1, 19476759),
(745, 235, 9, 2, 15794305),
(746, 113, 9, 4, 19225747),
(747, 134, 9, 1, 18132356),
(748, 294, 9, 4, 15771869),
(749, 190, 10, 2, 17852948),
(750, 183, 10, 5, 16675599),
(751, 113, 9, 5, 18735458),
(752, 276, 9, 5, 15368661),
(753, 181, 9, 5, 16238702),
(754, 170, 10, 4, 15918752),
(755, 178, 9, 3, 18791093),
(756, 220, 10, 3, 17321602),
(757, 243, 9, 4, 17301882),
(758, 279, 10, 2, 19059073),
(759, 218, 10, 5, 15599179),
(760, 198, 9, 1, 19286909),
(761, 195, 10, 4, 15467444),
(762, 173, 9, 3, 19874002),
(763, 232, 10, 1, 19192050),
(764, 142, 10, 2, 18341423),
(765, 165, 10, 2, 18064879),
(766, 126, 10, 3, 18736085),
(767, 146, 10, 3, 18329536),
(768, 272, 9, 2, 17064289),
(769, 130, 10, 5, 19140695),
(770, 190, 10, 3, 15881496),
(771, 101, 10, 1, 16029790),
(772, 114, 9, 4, 17089342),
(773, 216, 10, 5, 18784334),
(774, 236, 10, 1, 18084454),
(775, 271, 10, 2, 16636753),
(776, 278, 10, 4, 17198882),
(777, 274, 10, 5, 19845282),
(778, 177, 10, 2, 18580131),
(779, 211, 9, 3, 15027484),
(780, 189, 9, 2, 15735447),
(781, 172, 10, 1, 15329577),
(782, 201, 9, 5, 19885845),
(783, 160, 9, 3, 17033512),
(784, 189, 10, 1, 15470551),
(785, 123, 10, 5, 18840601),
(786, 134, 9, 5, 15374658),
(787, 244, 10, 3, 15369203),
(788, 122, 10, 3, 15561570),
(789, 242, 9, 3, 17452680),
(790, 253, 10, 2, 18764818),
(791, 225, 9, 1, 17528652),
(792, 273, 10, 5, 16077525),
(793, 270, 10, 5, 19526184),
(794, 101, 10, 4, 18767806),
(795, 201, 9, 3, 18182992),
(796, 138, 9, 4, 18916877),
(797, 211, 10, 5, 19302251),
(798, 293, 10, 3, 16708698),
(799, 255, 9, 1, 16883927),
(800, 174, 10, 4, 19134320);

-- --------------------------------------------------------

--
-- Table structure for table `product`
--

CREATE TABLE `product` (
  `id` int(10) UNSIGNED NOT NULL,
  `name` varchar(255) CHARACTER SET utf8 COLLATE utf8_unicode_ci NOT NULL,
  `category_id` int(10) UNSIGNED DEFAULT NULL,
  `unit_price` double NOT NULL,
  `quantity` int(11) NOT NULL,
  `status` tinyint(1) NOT NULL
) ENGINE=InnoDB DEFAULT CHARSET=latin1;

--
-- Dumping data for table `product`
--

INSERT INTO `product` (`id`, `name`, `category_id`, `unit_price`, `quantity`, `status`) VALUES
(1, 'iPhone 7', 1, 17000000, 25, 1),
(2, 'iPhone 7 Plus', 1, 20000000, 26, 1),
(3, 'Samsung Galaxy S8', 1, 17500000, 43, 1),
(4, 'Samsung Galaxy S8 Plus', 1, 21000000, 434, 1),
(5, 'Nokia 3310', 4, 1000000, 4342, 1),
(6, 'Nokia 3', 4, 3100000, 34, 1),
(7, 'Oppo F1', 2, 5670000, 231, 1),
(8, 'Oppo F1 Plus', 2, 7670000, 32, 1),
(9, 'HTC U11', 3, 14500000, 12, 1),
(10, 'HTC 10', 3, 14000000, 54, 1);

--
-- Indexes for dumped tables
--

--
-- Indexes for table `agency`
--
ALTER TABLE `agency`
  ADD PRIMARY KEY (`id`);

--
-- Indexes for table `category`
--
ALTER TABLE `category`
  ADD PRIMARY KEY (`id`);

--
-- Indexes for table `customer`
--
ALTER TABLE `customer`
  ADD PRIMARY KEY (`id`);

--
-- Indexes for table `orders`
--
ALTER TABLE `orders`
  ADD PRIMARY KEY (`id`),
  ADD KEY `agency_id` (`agency_id`),
  ADD KEY `customer_id` (`customer_id`);

--
-- Indexes for table `order_detail`
--
ALTER TABLE `order_detail`
  ADD PRIMARY KEY (`id`),
  ADD KEY `product_id` (`product_id`),
  ADD KEY `order_id` (`order_id`);

--
-- Indexes for table `product`
--
ALTER TABLE `product`
  ADD PRIMARY KEY (`id`),
  ADD KEY `category_id` (`category_id`);

--
-- AUTO_INCREMENT for dumped tables
--

--
-- AUTO_INCREMENT for table `agency`
--
ALTER TABLE `agency`
  MODIFY `id` int(10) UNSIGNED NOT NULL AUTO_INCREMENT, AUTO_INCREMENT=8;
--
-- AUTO_INCREMENT for table `category`
--
ALTER TABLE `category`
  MODIFY `id` int(10) UNSIGNED NOT NULL AUTO_INCREMENT, AUTO_INCREMENT=5;
--
-- AUTO_INCREMENT for table `customer`
--
ALTER TABLE `customer`
  MODIFY `id` int(19) UNSIGNED NOT NULL AUTO_INCREMENT, AUTO_INCREMENT=101;
--
-- AUTO_INCREMENT for table `orders`
--
ALTER TABLE `orders`
  MODIFY `id` int(10) UNSIGNED NOT NULL AUTO_INCREMENT, AUTO_INCREMENT=301;
--
-- AUTO_INCREMENT for table `order_detail`
--
ALTER TABLE `order_detail`
  MODIFY `id` int(10) UNSIGNED NOT NULL AUTO_INCREMENT, AUTO_INCREMENT=801;
--
-- AUTO_INCREMENT for table `product`
--
ALTER TABLE `product`
  MODIFY `id` int(10) UNSIGNED NOT NULL AUTO_INCREMENT, AUTO_INCREMENT=11;
--
-- Constraints for dumped tables
--

--
-- Constraints for table `orders`
--
ALTER TABLE `orders`
  ADD CONSTRAINT `orders_agency_id` FOREIGN KEY (`agency_id`) REFERENCES `agency` (`id`),
  ADD CONSTRAINT `orders_customer_id` FOREIGN KEY (`customer_id`) REFERENCES `customer` (`id`);

--
-- Constraints for table `order_detail`
--
ALTER TABLE `order_detail`
  ADD CONSTRAINT `order_detail_order_id` FOREIGN KEY (`order_id`) REFERENCES `orders` (`id`),
  ADD CONSTRAINT `order_detail_product_id` FOREIGN KEY (`product_id`) REFERENCES `product` (`id`);

--
-- Constraints for table `product`
--
ALTER TABLE `product`
  ADD CONSTRAINT `product_category_id` FOREIGN KEY (`category_id`) REFERENCES `category` (`id`);
COMMIT;

/*!40101 SET CHARACTER_SET_CLIENT=@OLD_CHARACTER_SET_CLIENT */;
/*!40101 SET CHARACTER_SET_RESULTS=@OLD_CHARACTER_SET_RESULTS */;
/*!40101 SET COLLATION_CONNECTION=@OLD_COLLATION_CONNECTION */;
